Вік,Час прийшли,Час вийшли,Час перебування (хв),Категорія,День тижня,Кардіо
35,21.45,21.51,6,Чоловік,Середа,Так
80,16.01,20.46,285,Дитина,Четвер,Ні
60,11.40,19.47,487,Пенсіонер,Вівторок,Ні
12,12.01,15.10,189,Дитина,Субота,Ні
49,16.24,20.27,243,Пенсіонер,Середа,Ні
67,18.10,18.53,43,Пенсіонер,Вівторок,Ні
21,10.31,18.53,502,Дівчина,Неділя,Ні
79,09.50,16.59,429,Чоловік,Неділя,Ні
62,09.10,19.40,630,Пенсіонер,Субота,Так
9,19.48,19.56,8,Чоловік,Неділя,Ні
12,16.12,20.09,237,Пенсіонер,Пʼятниця,Ні
55,19.36,19.50,14,Чоловік,Понеділок,Ні
61,11.45,13.00,75,Дівчина,Субота,Ні
15,12.02,21.34,572,Пенсіонер,Вівторок,Ні
31,13.51,14.25,34,Пенсіонер,Середа,Ні
56,15.51,19.59,248,Чоловік,Середа,Ні
40,21.07,21.28,21,Дівчина,Вівторок,Ні
8,19.09,19.44,35,Чоловік,Неділя,Ні
58,16.45,18.50,125,Чоловік,Субота,Ні
57,09.49,15.15,326,Дівчина,Субота,Ні
31,15.47,20.36,289,Дівчина,Середа,Ні
76,11.22,11.33,11,Дівчина,Неділя,Так
36,17.46,19.13,87,Дитина,Понеділок,Ні
60,19.57,20.57,60,Дитина,Пʼятниця,Ні
15,11.25,19.13,468,Дитина,Неділя,Так
10,11.51,17.18,327,Чоловік,Понеділок,Ні
50,18.36,19.51,75,Чоловік,Четвер,Ні
76,17.00,18.06,66,Чоловік,Пʼятниця,Ні
65,19.46,19.47,1,Дівчина,Неділя,Ні
68,12.59,15.38,159,Дівчина,Середа,Ні
55,08.21,15.19,418,Дівчина,Четвер,Так
74,21.34,21.36,2,Пенсіонер,Четвер,Ні
50,12.50,15.17,147,Чоловік,Понеділок,Ні
79,14.53,18.27,214,Чоловік,Вівторок,Ні
18,09.03,16.58,475,Дівчина,Неділя,Так
17,20.16,21.08,52,Чоловік,Понеділок,Ні
42,13.33,13.47,14,Пенсіонер,Вівторок,Ні
14,14.24,17.51,207,Чоловік,Неділя,Так
61,19.41,19.50,9,Дитина,Субота,Ні
25,19.33,19.45,12,Чоловік,Субота,Ні
61,21.38,21.59,21,Дівчина,Пʼятниця,Ні
69,18.19,18.36,17,Чоловік,Субота,Ні
38,21.39,21.55,16,Пенсіонер,Четвер,Ні
37,13.02,16.39,217,Чоловік,Субота,Ні
74,14.31,19.19,288,Дитина,Субота,Так
43,15.24,19.50,266,Пенсіонер,Пʼятниця,Ні
66,21.48,22.00,12,Чоловік,Пʼятниця,Ні
74,14.11,16.48,157,Дівчина,Субота,Ні
44,19.37,20.49,72,Дівчина,Четвер,Ні
74,18.40,19.45,65,Чоловік,Середа,Ні
33,19.04,19.53,49,Дівчина,Субота,Ні
45,12.50,20.35,465,Дівчина,Четвер,Ні
43,11.24,17.23,359,Чоловік,Понеділок,Ні
12,16.26,17.29,63,Чоловік,Вівторок,Ні
41,14.33,14.59,26,Дитина,Пʼятниця,Ні
53,19.17,20.06,49,Дитина,Вівторок,Ні
67,08.49,12.57,248,Дитина,Пʼятниця,Ні
44,13.13,14.33,80,Пенсіонер,Середа,Ні
79,15.27,21.48,381,Чоловік,Четвер,Так
40,14.43,17.46,183,Чоловік,Четвер,Ні
21,16.30,16.35,5,Пенсіонер,Субота,Ні
62,14.54,18.24,210,Дитина,Середа,Так
36,19.50,19.51,1,Дівчина,Неділя,Ні
79,12.39,18.51,372,Дівчина,Понеділок,Ні
27,18.51,19.33,42,Чоловік,Субота,Ні
41,20.23,21.36,73,Дівчина,Понеділок,Ні
29,11.51,13.58,127,Пенсіонер,Четвер,Ні
42,18.35,19.52,77,Чоловік,Субота,Ні
41,13.16,15.07,111,Дівчина,Середа,Ні
20,19.11,19.40,29,Чоловік,Субота,Ні
42,14.38,21.24,406,Дівчина,Понеділок,Ні
21,19.37,21.30,113,Чоловік,Четвер,Так
28,17.04,17.49,45,Дівчина,Вівторок,Ні
39,18.14,18.49,35,Дівчина,Субота,Так
55,11.33,11.59,26,Чоловік,Вівторок,Ні
79,19.03,21.46,163,Пенсіонер,Середа,Ні
52,13.46,17.58,252,Дівчина,Пʼятниця,Ні
61,19.56,19.57,1,Чоловік,Неділя,Ні
12,18.32,19.32,60,Чоловік,Вівторок,Так
22,20.15,20.35,20,Пенсіонер,Пʼятниця,Так
11,16.17,16.24,7,Пенсіонер,Неділя,Ні
39,15.28,19.53,265,Пенсіонер,Субота,Ні
62,18.57,19.25,28,Чоловік,Понеділок,Так
16,15.11,15.54,43,Дитина,Пʼятниця,Так
23,13.32,19.45,373,Пенсіонер,Пʼятниця,Ні
9,18.23,18.57,34,Дитина,Субота,Ні
28,14.28,15.14,46,Дівчина,Пʼятниця,Ні
25,19.43,19.47,4,Чоловік,Середа,Ні
19,12.45,16.45,240,Чоловік,Середа,Ні
17,15.20,19.15,235,Дівчина,Субота,Ні
40,17.23,19.29,126,Пенсіонер,Субота,Ні
41,09.53,13.16,203,Дівчина,Субота,Ні
48,11.35,18.38,423,Дівчина,Субота,Ні
47,17.03,17.52,49,Дівчина,Четвер,Ні
18,11.09,13.56,167,Пенсіонер,Четвер,Ні
46,10.08,12.33,145,Дівчина,Понеділок,Так
41,19.45,19.54,9,Чоловік,Субота,Ні
80,19.58,20.18,20,Чоловік,Четвер,Так
45,19.57,20.57,60,Пенсіонер,Понеділок,Ні
57,18.52,20.39,107,Пенсіонер,Пʼятниця,Ні
18,13.17,20.56,459,Дівчина,Середа,Ні
80,18.00,19.34,94,Дитина,Вівторок,Ні
58,18.34,19.05,31,Дівчина,Субота,Ні
59,12.33,20.37,484,Дитина,Понеділок,Ні
23,13.19,14.02,43,Дівчина,Неділя,Так
10,13.45,16.16,151,Пенсіонер,Четвер,Ні
43,10.22,20.11,589,Пенсіонер,Понеділок,Так
62,10.21,11.40,79,Пенсіонер,Неділя,Ні
23,19.45,19.47,2,Пенсіонер,Субота,Так
43,12.50,15.37,167,Дівчина,Неділя,Так
21,13.04,16.44,220,Дівчина,Понеділок,Так
61,13.37,15.01,84,Дівчина,Понеділок,Ні
74,10.59,14.43,224,Чоловік,Пʼятниця,Так
63,17.39,19.33,114,Дівчина,Середа,Ні
48,11.46,17.14,328,Дитина,Середа,Ні
53,13.55,16.26,151,Дитина,Середа,Ні
57,10.09,15.55,346,Пенсіонер,Субота,Ні
6,09.01,19.06,605,Дівчина,Понеділок,Ні
33,14.29,19.55,326,Пенсіонер,Пʼятниця,Ні
59,19.08,19.10,2,Чоловік,Субота,Так
25,13.37,16.59,202,Пенсіонер,Понеділок,Ні
46,20.01,20.09,8,Дівчина,Пʼятниця,Ні
6,11.26,13.06,100,Дівчина,Середа,Так
63,09.03,15.56,413,Чоловік,Понеділок,Ні
19,18.54,20.45,111,Чоловік,Понеділок,Ні
69,20.33,21.17,44,Пенсіонер,Середа,Ні
48,15.55,19.55,240,Дівчина,Середа,Ні
67,15.00,17.34,154,Дівчина,Субота,Ні
14,21.47,21.53,6,Дівчина,Вівторок,Так
59,20.53,21.25,32,Пенсіонер,Вівторок,Ні
80,12.35,18.35,360,Дівчина,Пʼятниця,Так
44,20.33,21.48,75,Чоловік,Понеділок,Так
79,21.40,21.44,4,Чоловік,Четвер,Так
8,14.16,19.08,292,Дівчина,Неділя,Так
79,14.02,19.43,341,Пенсіонер,Неділя,Ні
67,21.49,21.56,7,Чоловік,Середа,Так
69,14.40,20.30,350,Дівчина,Пʼятниця,Ні
16,08.13,12.21,248,Чоловік,Вівторок,Так
44,18.39,21.52,193,Чоловік,Середа,Так
48,13.00,19.43,403,Чоловік,Пʼятниця,Так
25,10.35,20.26,591,Чоловік,Понеділок,Ні
69,09.36,11.33,117,Пенсіонер,Вівторок,Ні
32,15.58,17.13,75,Чоловік,Субота,Ні
27,19.18,19.36,18,Дівчина,Субота,Так
28,16.52,19.40,168,Дитина,Неділя,Ні
44,21.40,21.47,7,Чоловік,Пʼятниця,Так
17,09.04,16.00,416,Чоловік,Понеділок,Так
70,19.49,19.59,10,Пенсіонер,Неділя,Ні
67,08.11,12.54,283,Дівчина,Четвер,Ні
67,11.21,12.37,76,Дитина,Субота,Так
32,09.29,19.16,587,Дитина,Неділя,Ні
61,21.35,21.45,10,Дитина,Вівторок,Так
58,16.35,17.28,53,Дитина,Субота,Так
23,09.32,10.42,70,Дівчина,Четвер,Ні
18,12.03,13.57,114,Пенсіонер,Пʼятниця,Ні
69,17.22,18.34,72,Чоловік,Неділя,Ні
7,16.01,18.18,137,Дівчина,Неділя,Ні
47,21.10,21.10,0,Дівчина,Четвер,Ні
59,17.37,18.41,64,Пенсіонер,Субота,Ні
46,12.26,20.50,504,Чоловік,Понеділок,Ні
47,17.19,20.05,166,Чоловік,Пʼятниця,Ні
58,15.58,20.07,249,Дівчина,Вівторок,Так
6,14.15,17.36,201,Дівчина,Субота,Ні
52,19.47,19.48,1,Дитина,Неділя,Ні
70,15.31,20.28,297,Дитина,Четвер,Ні
48,08.13,19.41,688,Чоловік,Понеділок,Ні
74,21.07,21.29,22,Дитина,Четвер,Ні
62,14.15,16.11,116,Дівчина,Пʼятниця,Так
43,18.12,21.17,185,Чоловік,Вівторок,Ні
46,18.20,18.28,8,Дівчина,Субота,Ні
57,12.22,20.48,506,Чоловік,Вівторок,Ні
12,14.13,19.57,344,Дівчина,Вівторок,Ні
63,17.06,20.40,214,Пенсіонер,Середа,Ні
43,16.06,19.35,209,Чоловік,Вівторок,Ні
42,14.55,17.04,129,Дівчина,Субота,Ні
64,13.18,14.13,55,Дівчина,Пʼятниця,Ні
62,13.45,20.48,423,Дівчина,Вівторок,Так
19,15.37,20.20,283,Чоловік,Вівторок,Ні
59,09.25,19.52,627,Дитина,Четвер,Так
70,17.39,17.46,7,Чоловік,Пʼятниця,Так
73,15.16,16.14,58,Дівчина,Середа,Ні
53,14.12,16.47,155,Дівчина,Середа,Ні
41,08.55,19.35,640,Дівчина,Пʼятниця,Так
74,15.24,17.26,122,Дівчина,Понеділок,Так
50,20.12,21.30,78,Чоловік,Пʼятниця,Ні
56,10.32,11.34,62,Дитина,Субота,Ні
24,18.24,19.16,52,Чоловік,Четвер,Ні
19,18.37,21.29,172,Чоловік,Середа,Ні
52,20.51,21.13,22,Дівчина,Понеділок,Ні
62,15.56,17.17,81,Пенсіонер,Неділя,Ні
78,14.24,19.11,287,Чоловік,Вівторок,Ні
55,09.45,20.10,625,Дівчина,Середа,Ні
66,09.35,15.35,360,Пенсіонер,Пʼятниця,Ні
7,19.10,19.40,30,Чоловік,Понеділок,Ні
76,18.22,21.39,197,Дитина,Вівторок,Ні
57,11.00,11.30,30,Пенсіонер,Понеділок,Ні
66,14.19,17.16,177,Чоловік,Четвер,Ні
78,19.31,19.48,17,Чоловік,Неділя,Ні
78,17.53,18.04,11,Пенсіонер,Неділя,Так
48,12.33,21.12,519,Пенсіонер,Вівторок,Ні
49,10.40,14.46,246,Дівчина,Неділя,Так
74,16.59,20.07,188,Пенсіонер,Вівторок,Ні
23,11.25,12.50,85,Чоловік,Субота,Ні
21,21.31,21.46,15,Дитина,Понеділок,Ні
55,21.04,21.25,21,Пенсіонер,Понеділок,Так
18,12.13,14.52,159,Пенсіонер,Середа,Так
35,12.24,20.13,469,Пенсіонер,Понеділок,Так
73,18.35,21.32,177,Чоловік,Четвер,Ні
38,14.58,18.29,211,Чоловік,Субота,Ні
22,19.30,19.30,0,Дівчина,Субота,Так
47,21.00,21.36,36,Пенсіонер,Понеділок,Так
22,18.28,19.59,91,Дівчина,Субота,Так
18,17.21,18.52,91,Чоловік,Середа,Ні
54,11.40,17.31,351,Пенсіонер,Пʼятниця,Так
17,18.36,20.08,92,Дівчина,Вівторок,Ні
45,12.12,18.23,371,Дитина,Пʼятниця,Так
7,15.53,21.11,318,Дитина,Середа,Ні
41,18.22,19.21,59,Дитина,Вівторок,Ні
58,21.58,21.58,0,Дівчина,Середа,Так
18,10.45,11.24,39,Дитина,Субота,Ні
46,21.03,21.13,10,Пенсіонер,Пʼятниця,Так
65,12.19,14.03,104,Пенсіонер,Пʼятниця,Так
68,17.08,19.57,169,Пенсіонер,Субота,Ні
73,11.02,15.39,277,Пенсіонер,Вівторок,Ні
39,18.29,21.46,197,Дівчина,Вівторок,Ні
57,13.31,17.55,264,Пенсіонер,Неділя,Так
12,10.37,18.53,496,Дівчина,Понеділок,Так
27,20.03,20.06,3,Дитина,Середа,Ні
43,12.10,19.00,410,Дівчина,Середа,Ні
11,19.08,20.10,62,Чоловік,Вівторок,Ні
32,18.30,19.02,32,Пенсіонер,Неділя,Ні
41,17.42,19.33,111,Дитина,Четвер,Ні
64,18.55,19.52,57,Дівчина,Субота,Ні
17,21.24,21.53,29,Чоловік,Вівторок,Ні
26,17.25,19.34,129,Дівчина,Субота,Ні
46,21.11,21.22,11,Чоловік,Вівторок,Так
6,19.49,20.38,49,Чоловік,Середа,Ні
12,17.22,19.12,110,Пенсіонер,Субота,Ні
37,19.13,19.54,41,Чоловік,Неділя,Так
56,21.36,21.36,0,Дитина,Вівторок,Ні
18,17.19,20.48,209,Пенсіонер,Середа,Ні
38,17.57,21.22,205,Пенсіонер,Четвер,Ні
34,16.21,20.31,250,Чоловік,Пʼятниця,Ні
79,14.24,16.26,122,Пенсіонер,Четвер,Так
76,18.41,19.16,35,Дівчина,Субота,Так
28,13.17,18.38,321,Чоловік,Неділя,Ні
29,21.26,21.46,20,Чоловік,Пʼятниця,Ні
27,12.44,20.28,464,Дівчина,Пʼятниця,Ні
14,08.27,10.40,133,Чоловік,Вівторок,Так
9,17.46,19.23,97,Дівчина,Середа,Ні
48,19.15,21.17,122,Пенсіонер,Середа,Ні
30,12.49,13.45,56,Дитина,Вівторок,Ні
54,09.59,14.08,249,Дівчина,Понеділок,Так
34,19.34,19.44,10,Дитина,Субота,Так
74,13.22,18.24,302,Дівчина,Четвер,Ні
16,19.48,19.59,11,Дитина,Субота,Так
50,08.45,18.23,578,Пенсіонер,Середа,Ні
38,18.24,21.57,213,Пенсіонер,Вівторок,Ні
75,19.35,21.54,139,Пенсіонер,Пʼятниця,Так
17,16.53,17.31,38,Дитина,Субота,Ні
17,09.48,13.58,250,Пенсіонер,Субота,Так
6,08.51,20.39,708,Пенсіонер,Вівторок,Так
14,12.07,14.08,121,Пенсіонер,Понеділок,Так
45,19.52,20.59,67,Дівчина,Пʼятниця,Ні
58,15.12,21.20,368,Чоловік,Понеділок,Ні
68,11.46,15.36,230,Пенсіонер,Середа,Ні
13,10.15,18.04,469,Чоловік,Четвер,Ні
68,17.48,21.26,218,Дитина,Четвер,Так
57,14.08,18.37,269,Чоловік,Неділя,Так
15,19.02,19.25,23,Чоловік,Неділя,Так
60,12.07,19.16,429,Чоловік,Пʼятниця,Ні
57,15.31,15.49,18,Дівчина,Понеділок,Ні
11,17.10,18.57,107,Дівчина,Неділя,Так
26,17.23,18.26,63,Дитина,Понеділок,Ні
54,21.17,21.48,31,Пенсіонер,Середа,Ні
78,08.32,15.20,408,Дівчина,Середа,Так
27,19.51,19.58,7,Дитина,Четвер,Так
14,19.46,19.54,8,Чоловік,Субота,Ні
73,19.22,21.23,121,Чоловік,Вівторок,Ні
13,15.13,18.34,201,Пенсіонер,Субота,Так
37,13.16,15.39,143,Дівчина,Четвер,Ні
37,11.06,18.54,468,Чоловік,Четвер,Так
41,19.14,20.14,60,Дівчина,Вівторок,Так
59,15.34,17.55,141,Дитина,Субота,Так
30,21.12,21.30,18,Дівчина,Середа,Так
23,12.34,17.22,288,Чоловік,Понеділок,Ні
26,12.38,21.09,511,Чоловік,Вівторок,Ні
39,16.28,19.23,175,Дитина,Середа,Ні
80,21.50,21.50,0,Чоловік,Понеділок,Ні
38,12.28,16.35,247,Чоловік,Субота,Ні
14,19.22,19.24,2,Дівчина,Неділя,Ні
74,21.58,21.59,1,Чоловік,Пʼятниця,Ні
74,16.58,17.13,15,Дитина,Пʼятниця,Так
76,21.15,21.40,25,Дитина,Вівторок,Ні
11,21.07,21.21,14,Чоловік,Вівторок,Так
7,13.31,20.48,437,Дитина,Середа,Ні
59,08.24,17.33,549,Чоловік,Понеділок,Ні
7,11.22,11.33,11,Дівчина,Четвер,Ні
9,11.39,18.59,440,Чоловік,Четвер,Ні
64,13.20,17.39,259,Пенсіонер,Субота,Так
29,15.36,18.21,165,Пенсіонер,Пʼятниця,Ні
38,16.49,21.32,283,Дівчина,Середа,Ні
24,13.27,14.37,70,Пенсіонер,Неділя,Ні
64,18.40,19.47,67,Дівчина,Субота,Ні
33,12.15,13.52,97,Пенсіонер,Понеділок,Так
70,18.02,20.42,160,Пенсіонер,Пʼятниця,Так
16,16.50,20.44,234,Чоловік,Четвер,Ні
56,12.17,17.31,314,Чоловік,Четвер,Ні
73,19.10,19.10,0,Дитина,Субота,Так
78,20.51,21.36,45,Дівчина,Середа,Так
55,16.47,19.15,148,Дівчина,Середа,Так
79,12.55,13.10,15,Пенсіонер,Середа,Ні
35,19.17,20.22,65,Чоловік,Понеділок,Так
75,09.29,19.01,572,Дитина,Четвер,Ні
52,09.10,12.54,224,Пенсіонер,Вівторок,Ні
10,10.32,17.17,405,Пенсіонер,Неділя,Ні
39,15.44,19.56,252,Чоловік,Середа,Ні
60,15.49,18.57,188,Дівчина,Четвер,Ні
17,13.05,16.08,183,Дівчина,Пʼятниця,Так
63,10.16,16.39,383,Дівчина,Неділя,Ні
6,21.53,21.56,3,Дитина,Четвер,Ні
20,19.54,20.59,65,Дівчина,Понеділок,Ні
62,16.34,21.17,283,Чоловік,Пʼятниця,Ні
40,17.11,17.49,38,Чоловік,Четвер,Ні
73,16.20,19.53,213,Дівчина,Субота,Ні
48,12.42,18.10,328,Дівчина,Субота,Так
52,15.26,18.23,177,Чоловік,Субота,Так
61,20.25,21.15,50,Дитина,Понеділок,Ні
57,15.50,19.48,238,Чоловік,Неділя,Ні
71,19.20,21.20,120,Чоловік,Вівторок,Ні
18,12.16,17.31,315,Пенсіонер,Четвер,Ні
71,12.52,15.28,156,Дитина,Вівторок,Так
32,14.05,18.27,262,Дівчина,Субота,Ні
6,14.21,18.31,250,Чоловік,Понеділок,Так
70,13.48,20.51,423,Дівчина,Пʼятниця,Ні
6,08.52,20.37,705,Пенсіонер,Середа,Так
25,16.44,17.12,28,Чоловік,Пʼятниця,Ні
25,21.34,21.36,2,Пенсіонер,Понеділок,Так
22,09.35,10.39,64,Чоловік,Неділя,Так
48,19.51,20.19,28,Дівчина,Середа,Ні
35,14.15,21.03,408,Дівчина,Вівторок,Ні
42,17.51,19.52,121,Чоловік,Пʼятниця,Ні
65,13.41,14.13,32,Дівчина,Четвер,Так
16,13.02,14.46,104,Пенсіонер,Четвер,Ні
54,20.04,20.33,29,Дитина,Середа,Ні
46,09.25,17.15,470,Пенсіонер,Понеділок,Ні
67,21.16,21.57,41,Дитина,Вівторок,Ні
59,14.20,15.47,87,Дівчина,Пʼятниця,Так
30,13.54,21.24,450,Чоловік,Понеділок,Ні
63,14.47,21.08,381,Пенсіонер,Понеділок,Ні
64,19.24,21.43,139,Дівчина,Пʼятниця,Так
31,15.52,19.34,222,Дівчина,Середа,Так
17,20.10,20.29,19,Чоловік,Четвер,Ні
41,20.36,21.44,68,Дівчина,Середа,Так
76,16.38,19.43,185,Пенсіонер,Субота,Ні
79,17.21,21.59,278,Дівчина,Середа,Ні
37,20.12,21.25,73,Дитина,Четвер,Ні
65,12.32,14.12,100,Чоловік,Понеділок,Ні
44,15.09,16.49,100,Пенсіонер,Понеділок,Ні
12,15.55,19.15,200,Чоловік,Неділя,Ні
66,19.45,21.09,84,Дівчина,Четвер,Ні
35,17.06,19.10,124,Дівчина,Вівторок,Ні
15,13.51,16.15,144,Чоловік,Неділя,Так
11,21.22,21.32,10,Пенсіонер,Пʼятниця,Так
10,12.53,18.20,327,Пенсіонер,Субота,Ні
47,21.38,21.48,10,Чоловік,Середа,Так
77,11.26,12.36,70,Пенсіонер,Неділя,Ні
75,11.26,13.10,104,Дівчина,Четвер,Ні
34,21.44,22.00,16,Чоловік,Четвер,Так
33,17.21,18.47,86,Дитина,Четвер,Ні
33,16.13,21.37,324,Дівчина,Вівторок,Так
11,11.21,11.49,28,Чоловік,Вівторок,Ні
38,12.20,14.04,104,Чоловік,Вівторок,Ні
46,21.29,21.58,29,Пенсіонер,Середа,Ні
24,20.53,20.57,4,Пенсіонер,Четвер,Ні
53,16.50,17.14,24,Дитина,Субота,Так
6,17.03,18.10,67,Чоловік,Середа,Ні
48,12.15,13.07,52,Пенсіонер,Субота,Ні
42,16.25,17.42,77,Чоловік,Середа,Ні
49,17.40,18.05,25,Дівчина,Пʼятниця,Так
9,14.35,15.15,40,Дівчина,Неділя,Так
31,11.46,18.13,387,Чоловік,Неділя,Так
65,12.48,16.44,236,Пенсіонер,Четвер,Ні
79,15.42,16.03,21,Чоловік,Вівторок,Ні
47,18.43,20.17,94,Чоловік,Середа,Ні
26,11.42,13.31,109,Пенсіонер,Субота,Так
27,09.43,19.05,562,Пенсіонер,Четвер,Ні
56,16.35,20.03,208,Пенсіонер,Четвер,Ні
23,21.00,21.34,34,Пенсіонер,Вівторок,Так
66,14.52,16.48,116,Дівчина,Пʼятниця,Ні
38,21.01,21.40,39,Чоловік,Пʼятниця,Ні
40,09.32,09.48,16,Чоловік,Четвер,Так
34,21.21,21.39,18,Пенсіонер,Вівторок,Ні
14,20.32,21.27,55,Дівчина,Понеділок,Так
77,15.20,16.24,64,Чоловік,Неділя,Ні
75,17.06,17.19,13,Дитина,Субота,Ні
38,18.05,21.03,178,Пенсіонер,Понеділок,Ні
68,19.55,19.57,2,Дівчина,Субота,Ні
20,10.02,17.44,462,Чоловік,Субота,Ні
79,19.48,19.54,6,Пенсіонер,Субота,Ні
75,16.25,16.31,6,Чоловік,Середа,Ні
44,19.28,21.08,100,Дитина,Пʼятниця,Так
38,14.09,20.02,353,Пенсіонер,Пʼятниця,Ні
64,11.24,19.15,471,Чоловік,Понеділок,Так
58,21.18,21.47,29,Дитина,Вівторок,Так
32,16.22,21.57,335,Дівчина,Середа,Ні
37,18.10,20.16,126,Пенсіонер,Пʼятниця,Так
33,17.06,19.16,130,Пенсіонер,Пʼятниця,Ні
47,14.06,18.09,243,Дівчина,Понеділок,Ні
29,21.46,21.55,9,Чоловік,Четвер,Ні
10,17.13,21.12,239,Чоловік,Четвер,Ні
15,21.46,21.53,7,Пенсіонер,Середа,Ні
55,14.32,20.59,387,Дівчина,Четвер,Ні
79,17.45,18.20,35,Чоловік,Неділя,Ні
41,21.17,21.22,5,Дівчина,Четвер,Ні
79,12.59,19.22,383,Пенсіонер,Четвер,Так
28,08.41,17.31,530,Дівчина,Середа,Ні
25,11.02,15.02,240,Чоловік,Понеділок,Так
46,21.20,21.49,29,Дівчина,Пʼятниця,Ні
27,14.17,15.55,98,Дитина,Вівторок,Ні
14,21.14,21.55,41,Дівчина,Четвер,Так
77,21.56,22.00,4,Дівчина,Четвер,Так
18,19.43,20.48,65,Дитина,Пʼятниця,Ні
30,17.43,19.34,111,Пенсіонер,Пʼятниця,Ні
11,15.59,16.08,9,Чоловік,Неділя,Ні
79,21.56,21.58,2,Дівчина,Вівторок,Так
46,10.34,16.39,365,Дитина,Субота,Ні
13,20.00,20.52,52,Дівчина,Понеділок,Так
65,18.27,18.32,5,Пенсіонер,Вівторок,Ні
29,08.46,15.14,388,Дитина,Понеділок,Ні
35,12.18,15.35,197,Дитина,Середа,Ні
31,16.21,18.50,149,Пенсіонер,Середа,Ні
53,15.47,15.55,8,Дівчина,Субота,Ні
65,08.45,10.31,106,Чоловік,Середа,Так
74,09.40,17.51,491,Чоловік,Субота,Ні
47,17.12,18.58,106,Дівчина,Понеділок,Так
65,10.49,11.13,24,Дитина,Субота,Ні
75,10.29,13.04,155,Пенсіонер,Четвер,Ні
20,08.39,10.14,95,Дівчина,Четвер,Так
46,17.02,18.02,60,Дівчина,Неділя,Ні
75,10.58,12.52,114,Дівчина,Середа,Так
80,08.57,19.17,620,Дитина,Середа,Ні
78,13.12,18.19,307,Пенсіонер,Понеділок,Ні
23,21.58,21.59,1,Дівчина,Четвер,Так
17,21.54,21.59,5,Дівчина,Пʼятниця,Так
60,21.56,22.00,4,Дівчина,Вівторок,Так
63,15.33,16.19,46,Пенсіонер,Четвер,Ні
76,15.29,18.08,159,Дитина,Субота,Ні
29,16.56,17.01,5,Чоловік,Неділя,Так
11,19.50,21.49,119,Чоловік,Вівторок,Ні
12,21.12,21.27,15,Дівчина,Пʼятниця,Так
17,09.42,18.07,505,Дівчина,Субота,Ні
23,15.08,19.34,266,Чоловік,Четвер,Так
59,21.13,21.21,8,Чоловік,Четвер,Так
29,12.48,15.06,138,Пенсіонер,Пʼятниця,Ні
38,12.59,20.22,443,Чоловік,Вівторок,Ні
27,12.11,15.58,227,Дитина,Неділя,Ні
31,21.38,21.48,10,Чоловік,Вівторок,Ні
57,19.13,19.47,34,Чоловік,Неділя,Ні
55,13.43,17.12,209,Пенсіонер,Вівторок,Ні
21,13.04,14.27,83,Чоловік,Вівторок,Ні
25,10.26,12.38,132,Чоловік,Четвер,Ні
63,15.23,16.53,90,Чоловік,Субота,Ні
13,09.47,09.50,3,Дівчина,Понеділок,Так
21,16.10,16.29,19,Чоловік,Вівторок,Ні
30,16.47,21.13,266,Дівчина,Середа,Так
54,15.40,21.52,372,Дитина,Четвер,Ні
57,21.49,21.53,4,Пенсіонер,Середа,Ні
43,19.20,21.39,139,Дитина,Четвер,Ні
58,19.20,19.24,4,Дівчина,Субота,Ні
23,21.36,21.53,17,Чоловік,Понеділок,Так
11,12.03,20.49,526,Чоловік,Четвер,Ні
6,09.29,15.40,371,Чоловік,Вівторок,Так
68,13.47,16.41,174,Пенсіонер,Неділя,Ні
48,15.14,20.09,295,Чоловік,Понеділок,Так
36,12.19,18.44,385,Чоловік,Середа,Ні
6,21.14,21.46,32,Дитина,Середа,Ні
58,19.31,21.39,128,Дитина,Пʼятниця,Ні
37,19.15,21.05,110,Чоловік,Четвер,Так
72,13.24,16.53,209,Дівчина,Неділя,Ні
65,21.23,21.23,0,Дівчина,Пʼятниця,Так
64,15.47,21.03,316,Дитина,Пʼятниця,Ні
32,17.56,20.58,182,Дитина,Вівторок,Так
41,12.55,15.52,177,Чоловік,Неділя,Ні
33,11.13,18.46,453,Дівчина,Неділя,Ні
24,19.10,19.19,9,Чоловік,Неділя,Так
32,21.08,21.44,36,Дитина,Вівторок,Ні
13,11.23,13.24,121,Чоловік,Понеділок,Ні
40,12.20,16.06,226,Пенсіонер,Четвер,Так
15,18.44,21.46,182,Чоловік,Четвер,Ні
76,12.39,14.19,100,Дитина,Середа,Так
29,19.48,21.01,73,Пенсіонер,Середа,Ні
57,15.15,17.35,140,Дитина,Субота,Так
50,13.11,14.29,78,Дівчина,Вівторок,Так
49,17.47,21.15,208,Дівчина,Пʼятниця,Ні
9,18.52,19.03,11,Дівчина,Пʼятниця,Так
62,16.14,19.14,180,Дівчина,Вівторок,Так
66,21.41,21.58,17,Дівчина,Вівторок,Ні
42,14.57,15.23,26,Дівчина,Субота,Ні
6,08.54,10.13,79,Пенсіонер,Понеділок,Ні
76,13.18,15.58,160,Чоловік,Вівторок,Ні
15,09.41,18.16,515,Дівчина,Неділя,Ні
46,15.58,21.22,324,Пенсіонер,Четвер,Ні
31,09.56,10.44,48,Дівчина,Четвер,Ні
20,11.02,17.54,412,Дитина,Субота,Ні
52,14.01,17.05,184,Дитина,Понеділок,Ні
64,09.21,18.40,559,Чоловік,Вівторок,Так
34,19.28,20.53,85,Дитина,Пʼятниця,Ні
70,16.28,18.22,114,Чоловік,Субота,Ні
48,13.34,19.11,337,Дитина,Вівторок,Ні
43,17.23,17.46,23,Чоловік,Неділя,Так
71,21.36,22.00,24,Дівчина,Середа,Ні
52,18.17,20.16,119,Пенсіонер,Понеділок,Так
17,09.57,19.51,594,Пенсіонер,Четвер,Ні
6,10.37,20.03,566,Дитина,Четвер,Ні
46,09.04,09.06,2,Дівчина,Понеділок,Так
57,17.46,20.27,161,Дівчина,Вівторок,Ні
49,14.49,21.07,378,Пенсіонер,Вівторок,Ні
6,09.18,17.06,468,Дівчина,Субота,Так
46,21.42,22.00,18,Чоловік,Вівторок,Ні
57,16.59,18.51,112,Чоловік,Неділя,Так
23,16.55,19.26,151,Чоловік,Понеділок,Ні
15,10.57,11.48,51,Чоловік,Вівторок,Ні
76,16.30,17.24,54,Дівчина,Четвер,Ні
47,17.29,17.50,21,Чоловік,Четвер,Ні
33,08.04,14.20,376,Дівчина,Понеділок,Ні
12,11.56,18.38,402,Пенсіонер,Понеділок,Так
71,13.02,18.44,342,Дівчина,Неділя,Ні
60,17.16,17.25,9,Чоловік,Понеділок,Ні
58,17.22,20.03,161,Чоловік,Понеділок,Так
25,17.23,20.10,167,Пенсіонер,Пʼятниця,Ні
75,17.09,20.13,184,Чоловік,Вівторок,Ні
19,09.36,10.16,40,Дитина,Четвер,Ні
36,08.04,18.42,638,Чоловік,Понеділок,Ні
22,10.15,11.17,62,Пенсіонер,Неділя,Ні
77,09.36,11.41,125,Пенсіонер,Четвер,Так
22,10.37,19.53,556,Пенсіонер,Неділя,Ні
27,19.44,20.30,46,Чоловік,Середа,Ні
65,09.22,09.27,5,Пенсіонер,Четвер,Так
20,14.42,18.35,233,Дівчина,Понеділок,Ні
21,18.07,21.47,220,Дівчина,Пʼятниця,Так
9,21.32,21.43,11,Чоловік,Вівторок,Ні
80,11.26,16.45,319,Чоловік,Субота,Ні
57,09.03,13.36,273,Пенсіонер,Неділя,Ні
11,14.30,17.48,198,Дитина,Субота,Ні
19,13.18,19.15,357,Дівчина,Субота,Так
36,08.25,13.34,309,Чоловік,Понеділок,Ні
59,15.18,16.45,87,Дитина,Неділя,Ні
65,14.48,16.15,87,Дитина,Субота,Ні
68,18.41,21.45,184,Дівчина,Пʼятниця,Так
7,21.26,21.59,33,Дівчина,Пʼятниця,Ні
49,13.26,21.21,475,Дитина,Середа,Так
29,18.41,19.16,35,Пенсіонер,Вівторок,Ні
33,16.43,19.46,183,Дівчина,Четвер,Ні
55,14.33,18.19,226,Чоловік,Неділя,Ні
17,14.23,17.13,170,Пенсіонер,Четвер,Ні
67,12.06,18.38,392,Дитина,Неділя,Так
8,18.03,21.05,182,Чоловік,Понеділок,Ні
65,10.34,11.55,81,Дівчина,Вівторок,Ні
52,13.14,21.07,473,Пенсіонер,Четвер,Ні
8,12.44,16.18,214,Пенсіонер,Четвер,Ні
55,21.08,21.10,2,Дитина,Четвер,Так
30,14.31,16.57,146,Чоловік,Середа,Так
21,16.58,21.50,292,Дитина,Пʼятниця,Так
16,11.30,13.49,139,Дитина,Середа,Ні
42,16.39,21.01,262,Чоловік,Пʼятниця,Ні
57,21.44,21.49,5,Дівчина,Пʼятниця,Так
10,14.46,14.55,9,Чоловік,Понеділок,Ні
80,09.56,16.03,367,Дитина,Четвер,Так
40,13.36,16.46,190,Пенсіонер,Четвер,Ні
22,19.49,21.34,105,Дівчина,Понеділок,Ні
59,17.45,20.44,179,Дівчина,Вівторок,Ні
69,10.29,12.59,150,Чоловік,Неділя,Ні
51,18.35,21.30,175,Чоловік,Середа,Ні
8,19.05,19.58,53,Дитина,Неділя,Ні
52,20.19,21.41,82,Чоловік,Понеділок,Ні
72,11.00,12.33,93,Чоловік,Понеділок,Ні
11,19.40,21.47,127,Чоловік,Середа,Так
14,16.30,18.18,108,Чоловік,Середа,Ні
34,11.55,18.45,410,Чоловік,Неділя,Ні
21,10.51,15.40,289,Дівчина,Субота,Ні
7,16.55,19.27,152,Чоловік,Понеділок,Ні
70,13.14,16.47,213,Чоловік,Неділя,Ні
8,10.59,15.45,286,Дівчина,Понеділок,Ні
22,09.18,18.23,545,Дівчина,Понеділок,Ні
34,17.35,20.32,177,Чоловік,Середа,Ні
43,09.40,15.00,320,Дитина,Неділя,Ні
64,14.29,18.51,262,Чоловік,Середа,Ні
78,14.31,14.34,3,Дитина,Вівторок,Так
35,20.35,21.38,63,Пенсіонер,Вівторок,Ні
78,10.59,18.30,451,Дівчина,Неділя,Ні
78,09.41,09.41,0,Дівчина,Субота,Ні
18,21.03,21.32,29,Пенсіонер,Пʼятниця,Так
23,18.22,19.12,50,Чоловік,Субота,Ні
20,16.20,18.44,144,Чоловік,Неділя,Так
64,14.10,17.13,183,Чоловік,Субота,Ні
38,21.14,21.54,40,Дівчина,Вівторок,Ні
13,19.55,19.59,4,Пенсіонер,Субота,Так
32,17.26,21.15,229,Пенсіонер,Середа,Ні
52,20.27,21.36,69,Дитина,Середа,Ні
64,10.44,11.21,37,Чоловік,Понеділок,Так
64,17.07,17.24,17,Пенсіонер,Неділя,Ні
13,17.24,19.51,147,Дитина,Вівторок,Ні
68,08.25,11.19,174,Чоловік,Понеділок,Ні
68,20.43,21.01,18,Чоловік,Вівторок,Так
6,09.26,10.53,87,Дівчина,Понеділок,Ні
41,13.09,14.28,79,Чоловік,Вівторок,Ні
39,12.05,15.02,177,Дівчина,Вівторок,Так
77,11.19,18.14,415,Дівчина,Пʼятниця,Ні
8,09.33,12.58,205,Дівчина,Понеділок,Ні
65,14.40,21.05,385,Пенсіонер,Вівторок,Так
20,18.40,20.05,85,Дівчина,Понеділок,Ні
52,09.34,15.45,371,Дівчина,Понеділок,Так
53,11.46,15.39,233,Дівчина,Вівторок,Ні
64,15.30,19.41,251,Дитина,Субота,Ні
6,16.20,17.16,56,Пенсіонер,Субота,Ні
18,18.35,21.23,168,Чоловік,Четвер,Так
36,13.57,18.36,279,Пенсіонер,Неділя,Ні
50,19.04,19.27,23,Дівчина,Неділя,Ні
77,08.41,14.36,355,Дівчина,Четвер,Так
44,21.24,21.37,13,Чоловік,Пʼятниця,Так
63,15.51,16.12,21,Дитина,Вівторок,Так
71,17.19,19.51,152,Чоловік,Вівторок,Так
24,19.19,21.37,138,Чоловік,Вівторок,Ні
12,13.38,19.31,353,Пенсіонер,Пʼятниця,Ні
51,18.59,22.00,181,Пенсіонер,Пʼятниця,Так
57,21.43,21.51,8,Дівчина,Четвер,Ні
80,10.06,19.25,559,Дівчина,Четвер,Ні
52,10.39,20.04,565,Дівчина,Понеділок,Ні
12,08.10,14.27,377,Дівчина,Пʼятниця,Ні
11,08.48,20.01,673,Дівчина,Вівторок,Ні
51,10.06,11.27,81,Дівчина,Субота,Ні
36,10.09,18.02,473,Дитина,Неділя,Ні
53,15.43,16.02,19,Дівчина,Неділя,Ні
38,19.47,20.09,22,Дитина,Вівторок,Ні
35,16.26,18.38,132,Пенсіонер,Субота,Ні
16,11.12,18.04,412,Пенсіонер,Неділя,Ні
33,17.30,18.54,84,Дівчина,Субота,Ні
14,18.32,19.48,76,Чоловік,Субота,Так
28,18.53,19.46,53,Чоловік,Субота,Ні
12,17.51,21.13,202,Дівчина,Понеділок,Ні
14,21.36,21.56,20,Пенсіонер,Вівторок,Ні
73,21.15,21.48,33,Пенсіонер,Пʼятниця,Ні
28,13.17,21.14,477,Чоловік,Пʼятниця,Ні
33,12.48,19.31,403,Чоловік,Понеділок,Ні
24,21.21,21.36,15,Дитина,Пʼятниця,Так
44,15.10,19.19,249,Чоловік,Середа,Ні
71,14.38,20.00,322,Пенсіонер,Четвер,Ні
12,12.50,18.52,362,Дитина,Середа,Так
6,19.49,20.06,17,Чоловік,Пʼятниця,Ні
35,12.50,19.52,422,Дитина,Четвер,Ні
36,20.59,21.15,16,Чоловік,Вівторок,Так
13,19.04,19.08,4,Чоловік,Субота,Так
56,18.41,21.51,190,Пенсіонер,Понеділок,Ні
47,11.44,15.20,216,Дитина,Понеділок,Так
73,13.33,21.17,464,Дівчина,Вівторок,Ні
67,16.08,19.43,215,Пенсіонер,Середа,Ні
78,18.48,19.49,61,Чоловік,Субота,Так
51,19.58,20.37,39,Дівчина,Середа,Так
25,14.26,19.09,283,Дівчина,Субота,Так
63,08.13,19.36,683,Дитина,Понеділок,Ні
67,18.17,21.37,200,Пенсіонер,Середа,Ні
12,19.49,20.04,15,Чоловік,Середа,Ні
67,18.11,21.54,223,Дівчина,Вівторок,Ні
6,15.55,20.42,287,Дівчина,Середа,Ні
52,16.27,19.08,161,Пенсіонер,Пʼятниця,Ні
59,12.56,14.45,109,Чоловік,Неділя,Ні
77,08.03,11.20,197,Чоловік,Четвер,Ні
52,20.49,21.17,28,Пенсіонер,Пʼятниця,Ні
14,11.42,17.24,342,Дитина,Субота,Ні
33,13.18,16.02,164,Дівчина,Понеділок,Ні
63,13.13,18.56,343,Чоловік,Неділя,Ні
76,19.31,19.31,0,Дитина,Неділя,Так
69,10.42,12.32,110,Дитина,Середа,Ні
7,11.16,11.36,20,Дівчина,Понеділок,Ні
73,15.23,21.30,367,Чоловік,Вівторок,Ні
61,16.06,16.31,25,Дитина,Вівторок,Так
71,21.30,21.57,27,Дівчина,Середа,Ні
25,21.28,21.48,20,Чоловік,Вівторок,Ні
77,10.35,12.22,107,Дитина,Неділя,Ні
75,18.57,20.38,101,Дитина,Понеділок,Ні
58,14.59,16.43,104,Дівчина,Четвер,Ні
43,12.15,19.48,453,Дівчина,Середа,Так
73,09.51,17.59,488,Дівчина,Неділя,Ні
65,17.47,20.44,177,Чоловік,Пʼятниця,Так
72,12.14,18.32,378,Дитина,Понеділок,Ні
50,18.24,21.05,161,Дівчина,Вівторок,Так
46,10.41,14.50,249,Дитина,Субота,Ні
68,21.13,21.24,11,Пенсіонер,Понеділок,Так
71,15.26,16.45,79,Дівчина,Четвер,Ні
41,18.19,20.46,147,Чоловік,Вівторок,Так
57,18.00,19.40,100,Чоловік,Субота,Ні
19,21.26,21.27,1,Чоловік,Понеділок,Так
43,15.27,16.38,71,Дівчина,Субота,Ні
28,08.31,10.56,145,Дитина,Середа,Так
51,16.25,16.36,11,Чоловік,Субота,Так
73,14.09,16.28,139,Пенсіонер,Четвер,Так
41,17.28,19.32,124,Дівчина,Четвер,Так
9,19.46,19.51,5,Дівчина,Неділя,Так
67,10.16,19.23,547,Чоловік,Пʼятниця,Ні
34,17.23,21.59,276,Чоловік,Пʼятниця,Ні
31,10.40,13.29,169,Дитина,Четвер,Ні
23,13.27,15.21,114,Дитина,Четвер,Ні
54,15.19,16.13,54,Дівчина,Понеділок,Ні
65,13.28,16.48,200,Дівчина,Вівторок,Так
67,16.43,20.32,229,Пенсіонер,Четвер,Так
75,08.21,12.04,223,Дівчина,Середа,Ні
49,13.43,17.26,223,Пенсіонер,Субота,Ні
78,18.58,19.13,15,Чоловік,Четвер,Так
40,11.04,21.06,602,Чоловік,Пʼятниця,Ні
12,19.13,19.37,24,Чоловік,Неділя,Так
28,14.57,15.34,37,Дівчина,Субота,Ні
40,10.04,14.19,255,Пенсіонер,Середа,Ні
20,12.59,13.20,21,Чоловік,Пʼятниця,Ні
26,18.33,21.14,161,Дитина,Четвер,Ні
18,19.09,20.34,85,Дівчина,Вівторок,Так
24,09.19,19.24,605,Дівчина,Понеділок,Так
49,12.08,17.38,330,Пенсіонер,Четвер,Ні
60,19.57,20.00,3,Дівчина,Неділя,Ні
62,10.36,14.02,206,Чоловік,Четвер,Ні
28,12.51,19.28,397,Чоловік,Неділя,Так
22,15.57,21.51,354,Чоловік,Вівторок,Ні
25,11.45,14.28,163,Дівчина,Вівторок,Ні
47,18.26,19.21,55,Чоловік,Неділя,Ні
38,17.37,19.51,134,Чоловік,Субота,Так
33,15.12,17.39,147,Дівчина,Середа,Ні
39,11.44,17.15,331,Дівчина,Субота,Так
64,14.31,18.29,238,Чоловік,Неділя,Ні
76,18.37,19.15,38,Дитина,Неділя,Ні
22,10.37,21.41,664,Пенсіонер,Середа,Так
11,13.28,19.51,383,Чоловік,Вівторок,Ні
40,09.20,17.17,477,Дівчина,Четвер,Ні
12,19.51,21.29,98,Дитина,Пʼятниця,Ні
10,12.50,18.35,345,Пенсіонер,Середа,Ні
70,16.06,20.21,255,Пенсіонер,Понеділок,Ні
52,19.26,19.41,15,Дівчина,Субота,Ні
14,12.45,15.03,138,Пенсіонер,Субота,Ні
17,11.57,12.10,13,Дитина,Понеділок,Ні
48,11.18,20.29,551,Пенсіонер,Середа,Ні
12,08.25,11.47,202,Дівчина,Пʼятниця,Ні
54,18.17,21.50,213,Пенсіонер,Четвер,Ні
30,18.48,19.19,31,Дівчина,Субота,Ні
73,08.18,20.39,741,Дитина,Понеділок,Ні
24,21.24,21.36,12,Дитина,Вівторок,Ні
59,21.15,21.37,22,Чоловік,Четвер,Ні
38,10.08,12.17,129,Дівчина,Субота,Ні
10,21.29,21.44,15,Пенсіонер,Вівторок,Ні
54,19.37,20.59,82,Чоловік,Середа,Ні
31,18.07,21.15,188,Дівчина,Вівторок,Ні
61,10.46,21.11,625,Чоловік,Четвер,Ні
35,12.00,14.20,140,Пенсіонер,Четвер,Ні
55,14.01,14.22,21,Дівчина,Неділя,Ні
55,14.03,21.44,461,Дитина,Пʼятниця,Ні
80,09.25,09.40,15,Чоловік,Середа,Ні
9,15.48,19.04,196,Дівчина,Четвер,Ні
9,13.44,17.43,239,Чоловік,Неділя,Так
45,19.01,20.33,92,Чоловік,Пʼятниця,Ні
9,21.35,21.56,21,Чоловік,Четвер,Так
73,16.40,16.50,10,Чоловік,Четвер,Ні
24,15.46,21.46,360,Чоловік,Четвер,Ні
78,09.21,16.17,416,Пенсіонер,Четвер,Так
39,12.39,16.49,250,Чоловік,Вівторок,Так
33,14.31,20.29,358,Чоловік,Середа,Ні
45,17.18,19.07,109,Дівчина,Понеділок,Ні
11,09.21,14.56,335,Дівчина,Вівторок,Ні
69,18.59,19.37,38,Дівчина,Субота,Ні
27,11.19,15.32,253,Дівчина,Вівторок,Ні
55,08.39,18.35,596,Пенсіонер,Вівторок,Ні
30,18.42,19.51,69,Чоловік,Четвер,Ні
53,17.05,21.05,240,Пенсіонер,Пʼятниця,Ні
22,20.01,20.09,8,Дитина,Понеділок,Так
27,11.21,20.35,554,Пенсіонер,Четвер,Ні
73,19.31,21.56,145,Чоловік,Середа,Так
10,21.31,21.42,11,Чоловік,Вівторок,Ні
26,19.54,19.58,4,Пенсіонер,Субота,Так
12,16.03,18.32,149,Пенсіонер,Середа,Ні
51,16.31,17.42,71,Дитина,Понеділок,Так
24,22.00,22.00,0,Дівчина,Вівторок,Ні
19,15.39,18.53,194,Дитина,Неділя,Ні
63,16.00,16.10,10,Чоловік,Субота,Ні
45,16.52,17.45,53,Дитина,Понеділок,Ні
54,09.46,15.24,338,Дівчина,Пʼятниця,Ні
73,12.49,17.44,295,Чоловік,Пʼятниця,Так
8,13.54,18.44,290,Чоловік,Субота,Ні
49,19.37,19.41,4,Дівчина,Неділя,Так
22,11.56,15.38,222,Дівчина,Пʼятниця,Так
61,21.51,21.52,1,Дівчина,Пʼятниця,Ні
47,18.30,20.00,90,Пенсіонер,Четвер,Ні
33,15.49,18.23,154,Дівчина,Неділя,Ні
11,17.51,18.41,50,Пенсіонер,Вівторок,Так
14,11.53,17.09,316,Дівчина,Неділя,Так
61,19.16,20.40,84,Дівчина,Понеділок,Ні
67,21.21,21.45,24,Чоловік,Понеділок,Ні
77,12.25,15.02,157,Дитина,Понеділок,Ні
16,20.57,21.42,45,Чоловік,Четвер,Ні
75,18.58,19.26,28,Чоловік,Субота,Ні
10,17.22,17.22,0,Дівчина,Неділя,Ні
28,09.49,10.49,60,Пенсіонер,Субота,Ні
12,12.22,16.09,227,Дівчина,Середа,Ні
60,17.38,19.12,94,Чоловік,Пʼятниця,Так
80,09.41,20.29,648,Пенсіонер,Пʼятниця,Так
32,18.28,19.27,59,Пенсіонер,Середа,Так
47,20.27,21.20,53,Дівчина,Понеділок,Так
30,09.26,09.53,27,Дівчина,Середа,Ні
8,13.59,18.39,280,Дитина,Субота,Ні
52,10.10,13.36,206,Пенсіонер,Понеділок,Ні
75,11.26,13.13,107,Дівчина,Субота,Ні
58,13.56,16.19,143,Пенсіонер,Середа,Ні
49,17.08,20.51,223,Чоловік,Четвер,Ні
30,16.37,18.31,114,Дитина,Неділя,Ні
18,10.43,15.16,273,Пенсіонер,Субота,Ні
34,14.58,20.22,324,Чоловік,Середа,Ні
80,17.25,19.58,153,Чоловік,Субота,Ні
68,17.03,17.07,4,Чоловік,Четвер,Ні
50,13.53,21.26,453,Пенсіонер,Вівторок,Ні
35,14.21,17.10,169,Дитина,Понеділок,Ні
14,21.16,21.33,17,Пенсіонер,Пʼятниця,Так
15,16.08,17.04,56,Дитина,Вівторок,Так
58,13.23,14.25,62,Дитина,Понеділок,Так
61,16.57,17.16,19,Чоловік,Вівторок,Так
66,17.42,17.56,14,Дівчина,Середа,Ні
66,14.01,17.46,225,Дівчина,Понеділок,Ні
18,12.23,16.46,263,Дівчина,Неділя,Ні
22,21.36,21.50,14,Дівчина,Вівторок,Ні
19,19.05,19.45,40,Чоловік,Субота,Ні
14,20.01,20.36,35,Чоловік,Середа,Ні
50,09.20,16.04,404,Дитина,Понеділок,Ні
49,17.15,21.56,281,Дитина,Пʼятниця,Ні
66,14.49,16.15,86,Чоловік,Пʼятниця,Ні
63,15.00,18.05,185,Дівчина,Неділя,Так
29,09.39,21.55,736,Чоловік,Четвер,Так
35,16.32,17.35,63,Дівчина,Понеділок,Так
49,10.05,15.35,330,Чоловік,Понеділок,Так
45,20.14,20.59,45,Пенсіонер,Четвер,Ні
40,09.56,20.15,619,Чоловік,Середа,Ні
10,11.38,17.51,373,Дівчина,Середа,Ні
61,12.17,15.49,212,Дитина,Середа,Ні
38,13.26,16.36,190,Дівчина,Субота,Так
23,19.57,21.01,64,Дівчина,Пʼятниця,Ні
40,12.22,16.45,263,Дитина,Понеділок,Так
78,11.32,15.08,216,Пенсіонер,Понеділок,Ні
70,12.15,14.31,136,Чоловік,Субота,Так
77,12.08,17.32,324,Дівчина,Вівторок,Ні
62,12.47,15.02,135,Дівчина,Середа,Так
7,18.48,19.32,44,Чоловік,Понеділок,Ні
39,14.14,17.54,220,Пенсіонер,Неділя,Ні
14,09.22,18.44,562,Дівчина,Субота,Ні
50,21.12,21.30,18,Чоловік,Пʼятниця,Ні
68,21.41,21.49,8,Дитина,Середа,Ні
12,13.05,13.50,45,Дитина,Субота,Так
65,18.44,21.33,169,Чоловік,Вівторок,Ні
44,13.55,19.09,314,Пенсіонер,Понеділок,Ні
44,10.31,19.40,549,Дівчина,Субота,Ні
65,19.22,21.14,112,Дитина,Четвер,Ні
45,12.18,19.57,459,Пенсіонер,Неділя,Ні
9,18.48,20.13,85,Дівчина,Пʼятниця,Ні
25,13.12,20.26,434,Пенсіонер,Вівторок,Ні
71,12.39,16.30,231,Дівчина,Субота,Ні
23,12.03,17.14,311,Чоловік,Четвер,Так
25,08.12,10.47,155,Чоловік,Четвер,Ні
50,15.07,20.40,333,Чоловік,Понеділок,Ні
20,19.43,19.57,14,Чоловік,Неділя,Так
22,12.29,20.00,451,Дитина,Понеділок,Ні
32,14.12,19.07,295,Чоловік,Вівторок,Ні
15,18.13,21.28,195,Пенсіонер,Понеділок,Ні
30,21.07,21.18,11,Дівчина,Четвер,Ні
59,10.30,21.06,636,Дівчина,Середа,Ні
51,11.58,17.51,353,Пенсіонер,Субота,Ні
7,17.42,18.28,46,Дівчина,Субота,Ні
78,20.16,21.06,50,Пенсіонер,Пʼятниця,Так
43,08.13,16.30,497,Чоловік,Вівторок,Так
14,11.27,16.58,331,Дівчина,Субота,Ні
18,15.20,19.39,259,Пенсіонер,Субота,Ні
21,19.53,20.34,41,Чоловік,Четвер,Ні
48,13.11,16.04,173,Дитина,Неділя,Так
77,19.00,21.39,159,Чоловік,Пʼятниця,Ні
8,13.23,14.54,91,Дівчина,Неділя,Так
58,19.12,21.31,139,Чоловік,Середа,Ні
6,19.17,19.22,5,Дитина,Неділя,Так
28,21.23,21.30,7,Дівчина,Вівторок,Ні
44,21.01,21.45,44,Дитина,Четвер,Так
23,15.29,16.12,43,Дівчина,Середа,Ні
66,20.38,20.44,6,Чоловік,Пʼятниця,Так
24,19.29,19.37,8,Чоловік,Субота,Ні
66,19.32,21.02,90,Пенсіонер,Пʼятниця,Ні
50,14.39,15.26,47,Чоловік,Вівторок,Ні
63,11.24,13.13,109,Дівчина,Субота,Ні
12,13.29,16.39,190,Дівчина,Неділя,Ні
19,11.15,13.56,161,Пенсіонер,Понеділок,Так
11,16.56,17.47,51,Дитина,Пʼятниця,Так
69,21.47,21.48,1,Дівчина,Понеділок,Ні
14,15.51,19.44,233,Дівчина,Неділя,Ні
69,15.25,16.16,51,Чоловік,Четвер,Ні
77,19.33,21.39,126,Дівчина,Четвер,Ні
22,11.04,21.31,627,Дитина,Пʼятниця,Ні
52,18.17,19.21,64,Чоловік,Субота,Так
48,08.10,18.48,638,Чоловік,Пʼятниця,Ні
14,08.50,15.58,428,Пенсіонер,Понеділок,Ні
13,14.40,16.05,85,Дитина,Неділя,Ні
68,12.10,17.03,293,Чоловік,Вівторок,Ні
74,14.59,15.38,39,Пенсіонер,Пʼятниця,Ні
44,15.01,21.30,389,Чоловік,Четвер,Ні
66,20.37,20.37,0,Пенсіонер,Пʼятниця,Ні
29,18.38,19.55,77,Чоловік,Неділя,Ні
20,15.46,18.49,183,Чоловік,Понеділок,Ні
61,16.05,16.42,37,Чоловік,Неділя,Так
62,16.55,19.18,143,Чоловік,Неділя,Так
43,13.29,15.44,135,Дівчина,Субота,Ні
22,10.16,10.32,16,Чоловік,Вівторок,Ні
32,21.48,21.48,0,Пенсіонер,Четвер,Ні
63,10.11,20.58,647,Пенсіонер,Пʼятниця,Ні
15,08.39,16.33,474,Чоловік,Пʼятниця,Ні
11,21.39,21.49,10,Пенсіонер,Вівторок,Ні
12,19.34,19.53,19,Дівчина,Субота,Так
65,15.22,15.29,7,Чоловік,Середа,Так
75,18.17,20.54,157,Дівчина,Вівторок,Ні
72,15.05,17.26,141,Дитина,Субота,Ні
65,18.52,19.04,12,Дівчина,Вівторок,Ні
48,14.54,14.56,2,Чоловік,Субота,Ні
38,18.53,21.11,138,Чоловік,Пʼятниця,Так
64,16.49,19.00,131,Дитина,Вівторок,Ні
65,21.41,21.44,3,Пенсіонер,Понеділок,Ні
32,21.30,21.50,20,Чоловік,Вівторок,Ні
16,15.37,18.22,165,Дівчина,Четвер,Ні
74,15.31,17.50,139,Чоловік,Четвер,Ні
34,08.07,11.32,205,Дівчина,Понеділок,Ні
23,10.12,16.21,369,Дитина,Вівторок,Ні
52,08.16,19.22,666,Дитина,Середа,Так
22,09.45,12.54,189,Чоловік,Середа,Ні
36,10.41,19.27,526,Чоловік,Четвер,Ні
59,10.47,14.43,236,Чоловік,Понеділок,Ні
55,19.20,20.21,61,Дитина,Вівторок,Ні
56,12.08,19.14,426,Чоловік,Вівторок,Ні
7,15.39,18.49,190,Чоловік,Середа,Ні
23,18.32,20.40,128,Пенсіонер,Вівторок,Ні
40,17.35,20.52,197,Дівчина,Понеділок,Ні
51,12.50,18.29,339,Пенсіонер,Середа,Так
50,17.52,20.24,152,Дівчина,Пʼятниця,Ні
27,19.27,19.39,12,Чоловік,Неділя,Ні
77,15.57,19.37,220,Дівчина,Середа,Ні
51,15.20,18.55,215,Чоловік,Пʼятниця,Ні
16,17.10,21.01,231,Чоловік,Середа,Ні
75,19.17,21.30,133,Чоловік,Вівторок,Ні
55,12.21,15.06,165,Дівчина,Понеділок,Ні
19,17.56,19.15,79,Чоловік,Середа,Ні
55,17.37,21.06,209,Дитина,Понеділок,Ні
35,17.34,21.06,212,Дівчина,Четвер,Ні
51,10.21,15.00,279,Дівчина,Середа,Так
26,19.56,20.10,14,Дівчина,Четвер,Ні
49,21.27,21.50,23,Дівчина,Пʼятниця,Ні
11,13.25,21.45,500,Чоловік,Понеділок,Так
22,09.23,17.23,480,Дитина,Понеділок,Ні
53,21.28,21.42,14,Чоловік,Пʼятниця,Ні
28,21.21,21.27,6,Дівчина,Понеділок,Ні
67,12.01,19.18,437,Пенсіонер,Четвер,Ні
28,16.54,18.58,124,Пенсіонер,Неділя,Ні
27,21.22,21.34,12,Дівчина,Четвер,Ні
58,15.00,15.47,47,Дитина,Четвер,Так
18,20.45,21.31,46,Дівчина,Пʼятниця,Ні
11,08.13,17.02,529,Дитина,Середа,Ні
48,13.06,18.17,311,Дівчина,Субота,Ні
62,16.23,19.00,157,Дівчина,Субота,Ні
23,11.36,16.26,290,Пенсіонер,Вівторок,Ні
43,09.37,17.55,498,Дівчина,Понеділок,Так
39,12.19,19.56,457,Дівчина,Понеділок,Ні
36,14.30,16.09,99,Чоловік,Пʼятниця,Ні
49,21.39,21.56,17,Чоловік,Понеділок,Ні
39,10.19,13.41,202,Дитина,Пʼятниця,Ні
29,14.31,18.26,235,Пенсіонер,Пʼятниця,Так
63,08.01,20.55,774,Пенсіонер,Четвер,Ні
54,11.20,15.11,231,Дитина,Понеділок,Ні
15,18.11,19.05,54,Чоловік,Понеділок,Ні
65,19.34,19.50,16,Дитина,Неділя,Ні
11,17.27,17.43,16,Дівчина,Неділя,Ні
44,14.35,19.27,292,Чоловік,Понеділок,Ні
52,13.18,16.23,185,Чоловік,Субота,Ні
7,16.27,21.33,306,Дитина,Понеділок,Ні
68,19.09,20.04,55,Дитина,Понеділок,Ні
71,09.48,13.11,203,Дитина,Вівторок,Ні
35,10.21,12.05,104,Дитина,Четвер,Ні
66,10.55,17.00,365,Пенсіонер,Пʼятниця,Так
43,19.20,19.44,24,Дівчина,Субота,Ні
63,11.11,16.55,344,Пенсіонер,Субота,Ні
22,19.58,20.49,51,Дівчина,Пʼятниця,Так
29,14.34,21.07,393,Дівчина,Пʼятниця,Так
44,19.44,19.58,14,Дівчина,Субота,Ні
45,13.43,16.40,177,Пенсіонер,Субота,Ні
59,18.44,19.40,56,Пенсіонер,Пʼятниця,Ні
42,14.22,18.44,262,Дівчина,Вівторок,Ні
64,09.27,19.09,582,Чоловік,Вівторок,Ні
22,19.41,20.43,62,Дитина,Пʼятниця,Ні
63,13.54,17.01,187,Чоловік,Вівторок,Так
75,16.01,18.44,163,Дівчина,Четвер,Ні
49,17.26,19.46,140,Чоловік,Четвер,Ні
31,10.28,20.11,583,Чоловік,Пʼятниця,Так
19,12.54,20.09,435,Пенсіонер,Пʼятниця,Ні
61,08.33,12.01,208,Дівчина,Четвер,Ні
50,21.30,21.52,22,Чоловік,Середа,Ні
53,17.09,17.37,28,Дівчина,Четвер,Ні
48,21.17,21.21,4,Пенсіонер,Четвер,Ні
